id;name;description;date
1;withdrawal Moldovan Leu Intelligent;Analyst Technician;2020-05-12T12:24:18
2;matrices;payment Chair methodologies;2020-05-13T03:14:43
3;Baby morph;South Dakota;2020-05-12T21:02:09
4;Frozen Turnpike Stream;Human transmit Usability;2020-05-12T14:21:53
5;Pakistan Rupee proactive reboot;zero administration;2020-05-12T23:30:35
6;Fresh back up Pa'anga;web-enabled back-end optical;2020-05-13T03:39:02
7;Uganda Shilling driver;Reduced;2020-05-13T01:51:01
8;Avon interface Orchestrator;integrate;2020-05-12T22:16:58
9;Flats programming Industrial;architectures Executive multi-tasking;2020-05-12T04:20:05
10;input;Applications Dynamic;2020-05-12T23:38:06
